point_id,mode,v_ref_v,i_out_a,iteration,duty,v_out_v,voltage_error_v,abs_error_v
1,OFF,8.00000000,1.00000000,0,0.16666667,7.45618667,0.54381333,0.54381333
1,OFF,8.00000000,1.00000000,1,0.17233139,7.73137887,0.26862113,0.26862113
1,OFF,8.00000000,1.00000000,2,0.17512953,7.86731236,0.13268764,0.13268764
1,OFF,8.00000000,1.00000000,3,0.17651169,7.93445783,0.06554217,0.06554217
1,OFF,8.00000000,1.00000000,4,0.17719442,7.96762490,0.03237510,0.03237510
1,OFF,8.00000000,1.00000000,5,0.17753166,7.98400805,0.01599195,0.01599195
1,OFF,8.00000000,1.00000000,6,0.17769824,7.99210064,0.00789936,0.00789936
1,OFF,8.00000000,1.00000000,7,0.17778053,7.99609805,0.00390195,0.00390195
1,OFF,8.00000000,1.00000000,8,0.17782117,7.99807260,0.00192740,0.00192740
1,OFF,8.00000000,1.00000000,9,0.17784125,7.99904794,0.00095206,0.00095206
1,OFF,8.00000000,1.00000000,10,0.17785117,7.99952972,0.00047028,0.00047028
1,OFF,8.00000000,1.00000000,11,0.17785607,7.99976770,0.00023230,0.00023230
1,OFF,8.00000000,1.00000000,12,0.17785849,7.99988526,0.00011474,0.00011474
1,OFF,8.00000000,1.00000000,13,0.17785968,7.99994332,0.00005668,0.00005668
2,OFF,8.00000000,2.00000000,0,0.16666667,7.36521243,0.63478757,0.63478757
2,OFF,8.00000000,2.00000000,1,0.17327904,7.68666050,0.31333950,0.31333950
2,OFF,8.00000000,2.00000000,2,0.17654299,7.84533150,0.15466850,0.15466850
2,OFF,8.00000000,2.00000000,3,0.17815412,7.92365360,0.07634640,0.07634640
2,OFF,8.00000000,2.00000000,4,0.17894940,7.96231441,0.03768559,0.03768559
2,OFF,8.00000000,2.00000000,5,0.17934195,7.98139790,0.01860210,0.01860210
2,OFF,8.00000000,2.00000000,6,0.17953573,7.99081776,0.00918224,0.00918224
2,OFF,8.00000000,2.00000000,7,0.17963137,7.99546752,0.00453248,0.00453248
2,OFF,8.00000000,2.00000000,8,0.17967859,7.99776271,0.00223729,0.00223729
2,OFF,8.00000000,2.00000000,9,0.17970189,7.99889564,0.00110436,0.00110436
2,OFF,8.00000000,2.00000000,10,0.17971340,7.99945488,0.00054512,0.00054512
2,OFF,8.00000000,2.00000000,11,0.17971907,7.99973092,0.00026908,0.00026908
2,OFF,8.00000000,2.00000000,12,0.17972188,7.99986718,0.00013282,0.00013282
2,OFF,8.00000000,2.00000000,13,0.17972326,7.99993444,0.00006556,0.00006556
3,OFF,8.00000000,3.00000000,0,0.16666667,7.27490328,0.72509672,0.72509672
3,OFF,8.00000000,3.00000000,1,0.17421976,7.64227477,0.35772523,0.35772523
3,OFF,8.00000000,3.00000000,2,0.17794606,7.82351687,0.17648313,0.17648313
3,OFF,8.00000000,3.00000000,3,0.17978443,7.91293235,0.08706765,0.08706765
3,OFF,8.00000000,3.00000000,4,0.18069138,7.95704532,0.04295468,0.04295468
3,OFF,8.00000000,3.00000000,5,0.18113883,7.97880838,0.02119162,0.02119162
3,OFF,8.00000000,3.00000000,6,0.18135957,7.98954515,0.01045485,0.01045485
3,OFF,8.00000000,3.00000000,7,0.18146848,7.99484212,0.00515788,0.00515788
3,OFF,8.00000000,3.00000000,8,0.18152221,7.99745537,0.00254463,0.00254463
3,OFF,8.00000000,3.00000000,9,0.18154871,7.99874461,0.00125539,0.00125539
3,OFF,8.00000000,3.00000000,10,0.18156179,7.99938066,0.00061934,0.00061934
3,OFF,8.00000000,3.00000000,11,0.18156824,7.99969445,0.00030555,0.00030555
3,OFF,8.00000000,3.00000000,12,0.18157142,7.99984926,0.00015074,0.00015074
3,OFF,8.00000000,3.00000000,13,0.18157299,7.99992563,0.00007437,0.00007437
4,OFF,8.00000000,4.00000000,0,0.16666667,7.17928000,0.82072000,0.82072000
4,OFF,8.00000000,4.00000000,1,0.17521583,7.59528245,0.40471755,0.40471755
4,OFF,8.00000000,4.00000000,2,0.17943164,7.80042366,0.19957634,0.19957634
4,OFF,8.00000000,4.00000000,3,0.18151056,7.90158392,0.09841608,0.09841608
4,OFF,8.00000000,4.00000000,4,0.18253573,7.95146857,0.04853143,0.04853143
4,OFF,8.00000000,4.00000000,5,0.18304126,7.97606794,0.02393206,0.02393206
4,OFF,8.00000000,4.00000000,6,0.18329056,7.98819850,0.01180150,0.01180150
4,OFF,8.00000000,4.00000000,7,0.18341349,7.99418039,0.00581961,0.00581961
4,OFF,8.00000000,4.00000000,8,0.18347411,7.99713020,0.00286980,0.00286980
4,OFF,8.00000000,4.00000000,9,0.18350400,7.99858483,0.00141517,0.00141517
4,OFF,8.00000000,4.00000000,10,0.18351875,7.99930214,0.00069786,0.00069786
4,OFF,8.00000000,4.00000000,11,0.18352601,7.99965587,0.00034413,0.00034413
4,OFF,8.00000000,4.00000000,12,0.18352960,7.99983030,0.00016970,0.00016970
4,OFF,8.00000000,4.00000000,13,0.18353137,7.99991632,0.00008368,0.00008368
5,OFF,8.00000000,5.00000000,0,0.16666667,7.07426213,0.92573787,0.92573787
5,OFF,8.00000000,5.00000000,1,0.17630977,7.54367763,0.45632237,0.45632237
5,OFF,8.00000000,5.00000000,2,0.18106313,7.77506580,0.22493420,0.22493420
5,OFF,8.00000000,5.00000000,3,0.18340619,7.88912357,0.11087643,0.11087643
5,OFF,8.00000000,5.00000000,4,0.18456115,7.94534587,0.05465413,0.05465413
5,OFF,8.00000000,5.00000000,5,0.18513047,7.97305944,0.02694056,0.02694056
5,OFF,8.00000000,5.00000000,6,0.18541110,7.98672023,0.01327977,0.01327977
5,OFF,8.00000000,5.00000000,7,0.18554943,7.99345403,0.00654597,0.00654597
5,OFF,8.00000000,5.00000000,8,0.18561762,7.99677331,0.00322669,0.00322669
5,OFF,8.00000000,5.00000000,9,0.18565123,7.99840947,0.00159053,0.00159053
5,OFF,8.00000000,5.00000000,10,0.18566780,7.99921598,0.00078402,0.00078402
5,OFF,8.00000000,5.00000000,11,0.18567596,7.99961354,0.00038646,0.00038646
5,OFF,8.00000000,5.00000000,12,0.18567999,7.99980950,0.00019050,0.00019050
5,OFF,8.00000000,5.00000000,13,0.18568197,7.99990610,0.00009390,0.00009390
6,OFF,8.00000000,6.00000000,0,0.16666667,6.95635402,1.04364598,1.04364598
6,OFF,8.00000000,6.00000000,1,0.17753798,7.48574300,0.51425700,0.51425700
6,OFF,8.00000000,6.00000000,2,0.18289482,7.74659964,0.25340036,0.25340036
6,OFF,8.00000000,6.00000000,3,0.18553441,7.87513687,0.12486313,0.12486313
6,OFF,8.00000000,6.00000000,4,0.18683507,7.93847364,0.06152636,0.06152636
6,OFF,8.00000000,6.00000000,5,0.18747597,7.96968286,0.03031714,0.03031714
6,OFF,8.00000000,6.00000000,6,0.18779177,7.98506122,0.01493878,0.01493878
6,OFF,8.00000000,6.00000000,7,0.18794738,7.99263891,0.00736109,0.00736109
6,OFF,8.00000000,6.00000000,8,0.18802406,7.99637282,0.00362718,0.00362718
6,OFF,8.00000000,6.00000000,9,0.18806184,7.99821270,0.00178730,0.00178730
6,OFF,8.00000000,6.00000000,10,0.18808046,7.99911931,0.00088069,0.00088069
6,OFF,8.00000000,6.00000000,11,0.18808964,7.99956604,0.00043396,0.00043396
6,OFF,8.00000000,6.00000000,12,0.18809416,7.99978617,0.00021383,0.00021383
6,OFF,8.00000000,6.00000000,13,0.18809638,7.99989463,0.00010537,0.00010537
6,OFF,8.00000000,6.00000000,14,0.18809748,7.99994808,0.00005192,0.00005192
7,OFF,8.00000000,7.00000000,0,0.16666667,6.82230991,1.17769009,1.17769009
7,OFF,8.00000000,7.00000000,1,0.17893427,7.41988532,0.58011468,0.58011468
7,OFF,8.00000000,7.00000000,2,0.18497713,7.71424312,0.28575688,0.28575688
7,OFF,8.00000000,7.00000000,3,0.18795377,7.85923991,0.14076009,0.14076009
7,OFF,8.00000000,7.00000000,4,0.18942002,7.93066343,0.06933657,0.06933657
7,OFF,8.00000000,7.00000000,5,0.19014227,7.96584572,0.03415428,0.03415428
7,OFF,8.00000000,7.00000000,6,0.19049805,7.98317605,0.01682395,0.01682395
7,OFF,8.00000000,7.00000000,7,0.19067330,7.99171274,0.00828726,0.00828726
7,OFF,8.00000000,7.00000000,8,0.19075962,7.99591781,0.00408219,0.00408219
7,OFF,8.00000000,7.00000000,9,0.19080215,7.99798916,0.00201084,0.00201084
7,OFF,8.00000000,7.00000000,10,0.19082309,7.99900949,0.00099051,0.00099051
7,OFF,8.00000000,7.00000000,11,0.19083341,7.99951209,0.00048791,0.00048791
7,OFF,8.00000000,7.00000000,12,0.19083849,7.99975966,0.00024034,0.00024034
7,OFF,8.00000000,7.00000000,13,0.19084100,7.99988161,0.00011839,0.00011839
7,OFF,8.00000000,7.00000000,14,0.19084223,7.99994168,0.00005832,0.00005832
8,OFF,8.00000000,8.00000000,0,0.16666667,6.66901153,1.33098847,1.33098847
8,OFF,8.00000000,8.00000000,1,0.18053113,7.34457516,0.65542484,0.65542484
8,OFF,8.00000000,8.00000000,2,0.18735847,7.67724610,0.32275390,0.32275390
8,OFF,8.00000000,8.00000000,3,0.19072049,7.84106480,0.15893520,0.15893520
8,OFF,8.00000000,8.00000000,4,0.19237607,7.92173480,0.07826520,0.07826520
8,OFF,8.00000000,8.00000000,5,0.19319133,7.96145950,0.03854050,0.03854050
8,OFF,8.00000000,8.00000000,6,0.19359279,7.98102132,0.01897868,0.01897868
8,OFF,8.00000000,8.00000000,7,0.19379049,7.99065424,0.00934576,0.00934576
8,OFF,8.00000000,8.00000000,8,0.19388784,7.99539783,0.00460217,0.00460217
8,OFF,8.00000000,8.00000000,9,0.19393578,7.99773373,0.00226627,0.00226627
8,OFF,8.00000000,8.00000000,10,0.19395939,7.99888401,0.00111599,0.00111599
8,OFF,8.00000000,8.00000000,11,0.19397101,7.99945045,0.00054955,0.00054955
8,OFF,8.00000000,8.00000000,12,0.19397673,7.99972938,0.00027062,0.00027062
8,OFF,8.00000000,8.00000000,13,0.19397955,7.99986674,0.00013326,0.00013326
8,OFF,8.00000000,8.00000000,14,0.19398094,7.99993438,0.00006562,0.00006562
9,OFF,8.00000000,9.00000000,0,0.16666667,6.49341333,1.50658667,1.50658667
9,OFF,8.00000000,9.00000000,1,0.18236028,7.25831994,0.74168006,0.74168006
9,OFF,8.00000000,9.00000000,2,0.19008611,7.63487709,0.36512291,0.36512291
9,OFF,8.00000000,9.00000000,3,0.19388948,7.82025303,0.17974697,0.17974697
9,OFF,8.00000000,9.00000000,4,0.19576184,7.91151207,0.08848793,0.08848793
9,OFF,8.00000000,9.00000000,5,0.19668359,7.95643813,0.04356187,0.04356187
9,OFF,8.00000000,9.00000000,6,0.19713736,7.97855485,0.02144515,0.02144515
9,OFF,8.00000000,9.00000000,7,0.19736075,7.98944273,0.01055727,0.01055727
9,OFF,8.00000000,9.00000000,8,0.19747072,7.99480275,0.00519725,0.00519725
9,OFF,8.00000000,9.00000000,9,0.19752486,7.99744143,0.00255857,0.00255857
9,OFF,8.00000000,9.00000000,10,0.19755151,7.99874044,0.00125956,0.00125956
9,OFF,8.00000000,9.00000000,11,0.19756463,7.99937993,0.00062007,0.00062007
9,OFF,8.00000000,9.00000000,12,0.19757109,7.99969474,0.00030526,0.00030526
9,OFF,8.00000000,9.00000000,13,0.19757427,7.99984973,0.00015027,0.00015027
9,OFF,8.00000000,9.00000000,14,0.19757583,7.99992602,0.00007398,0.00007398
10,OFF,8.00000000,10.00000000,0,0.16666667,6.29251482,1.70748518,1.70748518
10,OFF,8.00000000,10.00000000,1,0.18445297,7.15965018,0.84034982,0.84034982
10,OFF,8.00000000,10.00000000,2,0.19320661,7.58641643,0.41358357,0.41358357
10,OFF,8.00000000,10.00000000,3,0.19751478,7.79645218,0.20354782,0.20354782
10,OFF,8.00000000,10.00000000,4,0.19963507,7.89982263,0.10017737,0.10017737
10,OFF,8.00000000,10.00000000,5,0.20067858,7.95069706,0.04930294,0.04930294
10,OFF,8.00000000,10.00000000,6,0.20119215,7.97573524,0.02426476,0.02426476
10,OFF,8.00000000,10.00000000,7,0.20144491,7.98805794,0.01194206,0.01194206
10,OFF,8.00000000,10.00000000,8,0.20156931,7.99412264,0.00587736,0.00587736
10,OFF,8.00000000,10.00000000,9,0.20163053,7.99710742,0.00289258,0.00289258
10,OFF,8.00000000,10.00000000,10,0.20166066,7.99857640,0.00142360,0.00142360
10,OFF,8.00000000,10.00000000,11,0.20167549,7.99929937,0.00070063,0.00070063
10,OFF,8.00000000,10.00000000,12,0.20168279,7.99965518,0.00034482,0.00034482
10,OFF,8.00000000,10.00000000,13,0.20168638,7.99983029,0.00016971,0.00016971
10,OFF,8.00000000,10.00000000,14,0.20168815,7.99991648,0.00008352,0.00008352
11,OFF,12.00000000,1.00000000,0,0.25000000,11.50452000,0.49548000,0.49548000
11,OFF,12.00000000,1.00000000,1,0.25516125,11.75525353,0.24474647,0.24474647
11,OFF,12.00000000,1.00000000,2,0.25771069,11.87910544,0.12089456,0.12089456
11,OFF,12.00000000,1.00000000,3,0.25897001,11.94028312,0.05971688,0.05971688
11,OFF,12.00000000,1.00000000,4,0.25959206,11.97050235,0.02949765,0.02949765
11,OFF,12.00000000,1.00000000,5,0.25989933,11.98542939,0.01457061,0.01457061
11,OFF,12.00000000,1.00000000,6,0.26005111,11.99280273,0.00719727,0.00719727
11,OFF,12.00000000,1.00000000,7,0.26012608,11.99644485,0.00355515,0.00355515
11,OFF,12.00000000,1.00000000,8,0.26016311,11.99824390,0.00175610,0.00175610
11,OFF,12.00000000,1.00000000,9,0.26018140,11.99913256,0.00086744,0.00086744
11,OFF,12.00000000,1.00000000,10,0.26019044,11.99957152,0.00042848,0.00042848
11,OFF,12.00000000,1.00000000,11,0.26019490,11.99978835,0.00021165,0.00021165
11,OFF,12.00000000,1.00000000,12,0.26019711,11.99989545,0.00010455,0.00010455
11,OFF,12.00000000,1.00000000,13,0.26019820,11.99994836,0.00005164,0.00005164
12,OFF,12.00000000,2.00000000,0,0.25000000,11.41630719,0.58369281,0.58369281
12,OFF,12.00000000,2.00000000,1,0.25608013,11.71188155,0.28811845,0.28811845
12,OFF,12.00000000,2.00000000,2,0.25908137,11.85778094,0.14221906,0.14221906
12,OFF,12.00000000,2.00000000,3,0.26056282,11.92979880,0.07020120,0.07020120
12,OFF,12.00000000,2.00000000,4,0.26129408,11.96534777,0.03465223,0.03465223
12,OFF,12.00000000,2.00000000,5,0.26165504,11.98289520,0.01710480,0.01710480
12,OFF,12.00000000,2.00000000,6,0.26183321,11.99155685,0.00844315,0.00844315
12,OFF,12.00000000,2.00000000,7,0.26192116,11.99583235,0.00416765,0.00416765
12,OFF,12.00000000,2.00000000,8,0.26196458,11.99794279,0.00205721,0.00205721
12,OFF,12.00000000,2.00000000,9,0.26198601,11.99898454,0.00101546,0.00101546
12,OFF,12.00000000,2.00000000,10,0.26199658,11.99949875,0.00050125,0.00050125
12,OFF,12.00000000,2.00000000,11,0.26200181,11.99975258,0.00024742,0.00024742
12,OFF,12.00000000,2.00000000,12,0.26200438,11.99987787,0.00012213,0.00012213
12,OFF,12.00000000,2.00000000,13,0.26200565,11.99993971,0.00006029,0.00006029
13,OFF,12.00000000,3.00000000,0,0.25000000,11.32811695,0.67188305,0.67188305
13,OFF,12.00000000,3.00000000,1,0.25699878,11.66852765,0.33147235,0.33147235
13,OFF,12.00000000,3.00000000,2,0.26045162,11.83646868,0.16353132,0.16353132
13,OFF,12.00000000,3.00000000,3,0.26215507,11.91932210,0.08067790,0.08067790
13,OFF,12.00000000,3.00000000,4,0.26299546,11.96019770,0.03980230,0.03980230
13,OFF,12.00000000,3.00000000,5,0.26341007,11.98036360,0.01963640,0.01963640
13,OFF,12.00000000,3.00000000,6,0.26361462,11.99031242,0.00968758,0.00968758
13,OFF,12.00000000,3.00000000,7,0.26371553,11.99522065,0.00477935,0.00477935
13,OFF,12.00000000,3.00000000,8,0.26376532,11.99764211,0.00235789,0.00235789
13,OFF,12.00000000,3.00000000,9,0.26378988,11.99883674,0.00116326,0.00116326
13,OFF,12.00000000,3.00000000,10,0.26380199,11.99942611,0.00057389,0.00057389
13,OFF,12.00000000,3.00000000,11,0.26380797,11.99971687,0.00028313,0.00028313
13,OFF,12.00000000,3.00000000,12,0.26381092,11.99986032,0.00013968,0.00013968
13,OFF,12.00000000,3.00000000,13,0.26381238,11.99993109,0.00006891,0.00006891
14,OFF,12.00000000,4.00000000,0,0.25000000,11.23428000,0.76572000,0.76572000
14,OFF,12.00000000,4.00000000,1,0.25797625,11.62240432,0.37759568,0.37759568
14,OFF,12.00000000,4.00000000,2,0.26190954,11.81379813,0.18620187,0.18620187
14,OFF,12.00000000,4.00000000,3,0.26384914,11.90817920,0.09182080,0.09182080
14,OFF,12.00000000,4.00000000,4,0.26480561,11.95472087,0.04527913,0.04527913
14,OFF,12.00000000,4.00000000,5,0.26527727,11.97767173,0.02232827,0.02232827
14,OFF,12.00000000,4.00000000,6,0.26550985,11.98898937,0.01101063,0.01101063
14,OFF,12.00000000,4.00000000,7,0.26562455,11.99457038,0.00542962,0.00542962
14,OFF,12.00000000,4.00000000,8,0.26568110,11.99732252,0.00267748,0.00267748
14,OFF,12.00000000,4.00000000,9,0.26570899,11.99867967,0.00132033,0.00132033
14,OFF,12.00000000,4.00000000,10,0.26572275,11.99934891,0.00065109,0.00065109
14,OFF,12.00000000,4.00000000,11,0.26572953,11.99967893,0.00032107,0.00032107
14,OFF,12.00000000,4.00000000,12,0.26573287,11.99984167,0.00015833,0.00015833
14,OFF,12.00000000,4.00000000,13,0.26573452,11.99992193,0.00007807,0.00007807
15,OFF,12.00000000,5.00000000,0,0.25000000,11.13083592,0.86916408,0.86916408
15,OFF,12.00000000,5.00000000,1,0.25905379,11.57156445,0.42843555,0.42843555
15,OFF,12.00000000,5.00000000,2,0.26351666,11.78881200,0.21118800,0.21118800
15,OFF,12.00000000,5.00000000,3,0.26571654,11.89589946,0.10410054,0.10410054
15,OFF,12.00000000,5.00000000,4,0.26680092,11.94868590,0.05131410,0.05131410
15,OFF,12.00000000,5.00000000,5,0.26733544,11.97470583,0.02529417,0.02529417
15,OFF,12.00000000,5.00000000,6,0.26759892,11.98753179,0.01246821,0.01246821
15,OFF,12.00000000,5.00000000,7,0.26772880,11.99385407,0.00614593,0.00614593
15,OFF,12.00000000,5.00000000,8,0.26779282,11.99697050,0.00302950,0.00302950
15,OFF,12.00000000,5.00000000,9,0.26782438,11.99850667,0.00149333,0.00149333
15,OFF,12.00000000,5.00000000,10,0.26783993,11.99926390,0.00073610,0.00073610
15,OFF,12.00000000,5.00000000,11,0.26784760,11.99963715,0.00036285,0.00036285
15,OFF,12.00000000,5.00000000,12,0.26785138,11.99982114,0.00017886,0.00017886
15,OFF,12.00000000,5.00000000,13,0.26785324,11.99991184,0.00008816,0.00008816
16,OFF,12.00000000,6.00000000,0,0.25000000,11.01435062,0.98564938,0.98564938
16,OFF,12.00000000,6.00000000,1,0.26026718,11.51432085,0.48567915,0.48567915
16,OFF,12.00000000,6.00000000,2,0.26532634,11.76068139,0.23931861,0.23931861
16,OFF,12.00000000,6.00000000,3,0.26781924,11.88207565,0.11792435,0.11792435
16,OFF,12.00000000,6.00000000,4,0.26904762,11.94189273,0.05810727,0.05810727
16,OFF,12.00000000,6.00000000,5,0.26965290,11.97136762,0.02863238,0.02863238
16,OFF,12.00000000,6.00000000,6,0.26995116,11.98589138,0.01410862,0.01410862
16,OFF,12.00000000,6.00000000,7,0.27009812,11.99304797,0.00695203,0.00695203
16,OFF,12.00000000,6.00000000,8,0.27017054,11.99657439,0.00342561,0.00342561
16,OFF,12.00000000,6.00000000,9,0.27020622,11.99831203,0.00168797,0.00168797
16,OFF,12.00000000,6.00000000,10,0.27022381,11.99916825,0.00083175,0.00083175
16,OFF,12.00000000,6.00000000,11,0.27023247,11.99959016,0.00040984,0.00040984
16,OFF,12.00000000,6.00000000,12,0.27023674,11.99979805,0.00020195,0.00020195
16,OFF,12.00000000,6.00000000,13,0.27023884,11.99990049,0.00009951,0.00009951
17,OFF,12.00000000,7.00000000,0,0.25000000,10.88161492,1.11838508,1.11838508
17,OFF,12.00000000,7.00000000,1,0.26164984,11.44909819,0.55090181,0.55090181
17,OFF,12.00000000,7.00000000,2,0.26738841,11.72863300,0.27136700,0.27136700
17,OFF,12.00000000,7.00000000,3,0.27021514,11.86632818,0.13367182,0.13367182
17,OFF,12.00000000,7.00000000,4,0.27160756,11.93415501,0.06584499,0.06584499
17,OFF,12.00000000,7.00000000,5,0.27229344,11.96756562,0.03243438,0.03243438
17,OFF,12.00000000,7.00000000,6,0.27263130,11.98402325,0.01597675,0.01597675
17,OFF,12.00000000,7.00000000,7,0.27279773,11.99213006,0.00786994,0.00786994
17,OFF,12.00000000,7.00000000,8,0.27287971,11.99612337,0.00387663,0.00387663
17,OFF,12.00000000,7.00000000,9,0.27292009,11.99809042,0.00190958,0.00190958
17,OFF,12.00000000,7.00000000,10,0.27293998,11.99905937,0.00094063,0.00094063
17,OFF,12.00000000,7.00000000,11,0.27294978,11.99953666,0.00046334,0.00046334
17,OFF,12.00000000,7.00000000,12,0.27295460,11.99977176,0.00022824,0.00022824
17,OFF,12.00000000,7.00000000,13,0.27295698,11.99988757,0.00011243,0.00011243
17,OFF,12.00000000,7.00000000,14,0.27295815,11.99994462,0.00005538,0.00005538
18,OFF,12.00000000,8.00000000,0,0.25000000,10.72953437,1.27046563,1.27046563
18,OFF,12.00000000,8.00000000,1,0.26323402,11.37437871,0.62562129,0.62562129
18,OFF,12.00000000,8.00000000,2,0.26975091,11.69192240,0.30807760,0.30807760
18,OFF,12.00000000,8.00000000,3,0.27296005,11.84829192,0.15170808,0.15170808
18,OFF,12.00000000,8.00000000,4,0.27454034,11.92529368,0.07470632,0.07470632
18,OFF,12.00000000,8.00000000,5,0.27531853,11.96321202,0.03678798,0.03678798
18,OFF,12.00000000,8.00000000,6,0.27570174,11.98188433,0.01811567,0.01811567
18,OFF,12.00000000,8.00000000,7,0.27589044,11.99107921,0.00892079,0.00892079
18,OFF,12.00000000,8.00000000,8,0.27598337,11.99560710,0.00439290,0.00439290
18,OFF,12.00000000,8.00000000,9,0.27602913,11.99783678,0.00216322,0.00216322
18,OFF,12.00000000,8.00000000,10,0.27605166,11.99893476,0.00106524,0.00106524
18,OFF,12.00000000,8.00000000,11,0.27606276,11.99947544,0.00052456,0.00052456
18,OFF,12.00000000,8.00000000,12,0.27606822,11.99974169,0.00025831,0.00025831
18,OFF,12.00000000,8.00000000,13,0.27607091,11.99987280,0.00012720,0.00012720
18,OFF,12.00000000,8.00000000,14,0.27607224,11.99993736,0.00006264,0.00006264
19,OFF,12.00000000,9.00000000,0,0.25000000,10.55508000,1.44492000,1.44492000
19,OFF,12.00000000,9.00000000,1,0.26505125,11.28867793,0.71132207,0.71132207
19,OFF,12.00000000,9.00000000,2,0.27246085,11.64982207,0.35017793,0.35017793
19,OFF,12.00000000,9.00000000,3,0.27610854,11.82761032,0.17238968,0.17238968
19,OFF,12.00000000,9.00000000,4,0.27790427,11.91513400,0.08486600,0.08486600
19,OFF,12.00000000,9.00000000,5,0.27878829,11.95822117,0.04177883,0.04177883
19,OFF,12.00000000,9.00000000,6,0.27922348,11.97943263,0.02056737,0.02056737
19,OFF,12.00000000,9.00000000,7,0.27943773,11.98987486,0.01012514,0.01012514
19,OFF,12.00000000,9.00000000,8,0.27954320,11.99501548,0.00498452,0.00498452
19,OFF,12.00000000,9.00000000,9,0.27959512,11.99754616,0.00245384,0.00245384
19,OFF,12.00000000,9.00000000,10,0.27962068,11.99879200,0.00120800,0.00120800
19,OFF,12.00000000,9.00000000,11,0.27963326,11.99940531,0.00059469,0.00059469
19,OFF,12.00000000,9.00000000,12,0.27963946,11.99970724,0.00029276,0.00029276
19,OFF,12.00000000,9.00000000,13,0.27964251,11.99985588,0.00014412,0.00014412
19,OFF,12.00000000,9.00000000,14,0.27964401,11.99992905,0.00007095,0.00007095
20,OFF,12.00000000,10.00000000,0,0.25000000,10.35526334,1.64473666,1.64473666
20,OFF,12.00000000,10.00000000,1,0.26713267,11.19053227,0.80946773,0.80946773
20,OFF,12.00000000,10.00000000,2,0.27556463,11.60161525,0.39838475,0.39838475
20,OFF,12.00000000,10.00000000,3,0.27971447,11.80393238,0.19606762,0.19606762
20,OFF,12.00000000,10.00000000,4,0.28175684,11.90350406,0.09649594,0.09649594
20,OFF,12.00000000,10.00000000,5,0.28276201,11.95250890,0.04749110,0.04749110
20,OFF,12.00000000,10.00000000,6,0.28325671,11.97662695,0.02337305,0.02337305
20,OFF,12.00000000,10.00000000,7,0.28350018,11.98849680,0.01150320,0.01150320
20,OFF,12.00000000,10.00000000,8,0.28362000,11.99433863,0.00566137,0.00566137
20,OFF,12.00000000,10.00000000,9,0.28367897,11.99721372,0.00278628,0.00278628
20,OFF,12.00000000,10.00000000,10,0.28370800,11.99862871,0.00137129,0.00137129
20,OFF,12.00000000,10.00000000,11,0.28372228,11.99932511,0.00067489,0.00067489
20,OFF,12.00000000,10.00000000,12,0.28372931,11.99966785,0.00033215,0.00033215
20,OFF,12.00000000,10.00000000,13,0.28373277,11.99983653,0.00016347,0.00016347
20,OFF,12.00000000,10.00000000,14,0.28373447,11.99991955,0.00008045,0.00008045
21,OFF,18.00000000,1.00000000,0,0.37500000,17.57702000,0.42298000,0.42298000
21,OFF,18.00000000,1.00000000,1,0.37940604,17.79106550,0.20893450,0.20893450
21,OFF,18.00000000,1.00000000,2,0.38158244,17.89679506,0.10320494,0.10320494
21,OFF,18.00000000,1.00000000,3,0.38265749,17.94902106,0.05097894,0.05097894
21,OFF,18.00000000,1.00000000,4,0.38318852,17.97481853,0.02518147,0.02518147
21,OFF,18.00000000,1.00000000,5,0.38345083,17.98756140,0.01243860,0.01243860
21,OFF,18.00000000,1.00000000,6,0.38358040,17.99385585,0.00614415,0.00614415
21,OFF,18.00000000,1.00000000,7,0.38364440,17.99696505,0.00303495,0.00303495
21,OFF,18.00000000,1.00000000,8,0.38367602,17.99850086,0.00149914,0.00149914
21,OFF,18.00000000,1.00000000,9,0.38369163,17.99925949,0.00074051,0.00074051
21,OFF,18.00000000,1.00000000,10,0.38369935,17.99963422,0.00036578,0.00036578
21,OFF,18.00000000,1.00000000,11,0.38370316,17.99981932,0.00018068,0.00018068
21,OFF,18.00000000,1.00000000,12,0.38370504,17.99991075,0.00008925,0.00008925
22,OFF,18.00000000,2.00000000,0,0.37500000,17.49294932,0.50705068,0.50705068
22,OFF,18.00000000,2.00000000,1,0.38028178,17.74971311,0.25028689,0.25028689
22,OFF,18.00000000,2.00000000,2,0.38288893,17.87645510,0.12354490,0.12354490
22,OFF,18.00000000,2.00000000,3,0.38417586,17.93901661,0.06098339,0.06098339
22,OFF,18.00000000,2.00000000,4,0.38481110,17.96989780,0.03010220,0.03010220
22,OFF,18.00000000,2.00000000,5,0.38512467,17.98514116,0.01485884,0.01485884
22,OFF,18.00000000,2.00000000,6,0.38527945,17.99266548,0.00733452,0.00733452
22,OFF,18.00000000,2.00000000,7,0.38535585,17.99637958,0.00362042,0.00362042
22,OFF,18.00000000,2.00000000,8,0.38539356,17.99821292,0.00178708,0.00178708
22,OFF,18.00000000,2.00000000,9,0.38541218,17.99911787,0.00088213,0.00088213
22,OFF,18.00000000,2.00000000,10,0.38542137,17.99956457,0.00043543,0.00043543
22,OFF,18.00000000,2.00000000,11,0.38542590,17.99978507,0.00021493,0.00021493
22,OFF,18.00000000,2.00000000,12,0.38542814,17.99989391,0.00010609,0.00010609
22,OFF,18.00000000,2.00000000,13,0.38542924,17.99994763,0.00005237,0.00005237
23,OFF,18.00000000,3.00000000,0,0.37500000,17.40793746,0.59206254,0.59206254
23,OFF,18.00000000,3.00000000,1,0.38116732,17.70790696,0.29209304,0.29209304
23,OFF,18.00000000,3.00000000,2,0.38420995,17.85589640,0.14410360,0.14410360
23,OFF,18.00000000,3.00000000,3,0.38571103,17.92890673,0.07109327,0.07109327
23,OFF,18.00000000,3.00000000,4,0.38645159,17.96492626,0.03507374,0.03507374
23,OFF,18.00000000,3.00000000,5,0.38681694,17.98269643,0.01730357,0.01730357
23,OFF,18.00000000,3.00000000,6,0.38699719,17.99146331,0.00853669,0.00853669
23,OFF,18.00000000,3.00000000,7,0.38708611,17.99578844,0.00421156,0.00421156
23,OFF,18.00000000,3.00000000,8,0.38712998,17.99792223,0.00207777,0.00207777
23,OFF,18.00000000,3.00000000,9,0.38715162,17.99897494,0.00102506,0.00102506
23,OFF,18.00000000,3.00000000,10,0.38716230,17.99949429,0.00050571,0.00050571
23,OFF,18.00000000,3.00000000,11,0.38716757,17.99975051,0.00024949,0.00024949
23,OFF,18.00000000,3.00000000,12,0.38717017,17.99987691,0.00012309,0.00012309
23,OFF,18.00000000,3.00000000,13,0.38717145,17.99993928,0.00006072,0.00006072
24,OFF,18.00000000,4.00000000,0,0.37500000,17.31678000,0.68322000,0.68322000
24,OFF,18.00000000,4.00000000,1,0.38211688,17.66308714,0.33691286,0.33691286
24,OFF,18.00000000,4.00000000,2,0.38562638,17.83385984,0.16614016,0.16614016
24,OFF,18.00000000,4.00000000,3,0.38735701,17.91807214,0.08192786,0.08192786
24,OFF,18.00000000,4.00000000,4,0.38821043,17.95959932,0.04040068,0.04040068
24,OFF,18.00000000,4.00000000,5,0.38863127,17.98007742,0.01992258,0.01992258
24,OFF,18.00000000,4.00000000,6,0.38883879,17.99017568,0.00982432,0.00982432
24,OFF,18.00000000,4.00000000,7,0.38894113,17.99515538,0.00484462,0.00484462
24,OFF,18.00000000,4.00000000,8,0.38899159,17.99761100,0.00238900,0.00238900
24,OFF,18.00000000,4.00000000,9,0.38901648,17.99882192,0.00117808,0.00117808
24,OFF,18.00000000,4.00000000,10,0.38902875,17.99941906,0.00058094,0.00058094
24,OFF,18.00000000,4.00000000,11,0.38903480,17.99971352,0.00028648,0.00028648
24,OFF,18.00000000,4.00000000,12,0.38903779,17.99985873,0.00014127,0.00014127
24,OFF,18.00000000,4.00000000,13,0.38903926,17.99993034,0.00006966,0.00006966
25,OFF,18.00000000,5.00000000,0,0.37500000,17.21569660,0.78430340,0.78430340
25,OFF,18.00000000,5.00000000,1,0.38316983,17.61339468,0.38660532,0.38660532
25,OFF,18.00000000,5.00000000,2,0.38719697,17.80943130,0.19056870,0.19056870
25,OFF,18.00000000,5.00000000,3,0.38918206,17.90606330,0.09393670,0.09393670
25,OFF,18.00000000,5.00000000,4,0.39016056,17.95369595,0.04630405,0.04630405
25,OFF,18.00000000,5.00000000,5,0.39064290,17.97717542,0.02282458,0.02282458
25,OFF,18.00000000,5.00000000,6,0.39088065,17.98874912,0.01125088,0.01125088
25,OFF,18.00000000,5.00000000,7,0.39099785,17.99445412,0.00554588,0.00554588
25,OFF,18.00000000,5.00000000,8,0.39105562,17.99726628,0.00273372,0.00273372
25,OFF,18.00000000,5.00000000,9,0.39108410,17.99865247,0.00134753,0.00134753
25,OFF,18.00000000,5.00000000,10,0.39109813,17.99933577,0.00066423,0.00066423
25,OFF,18.00000000,5.00000000,11,0.39110505,17.99967258,0.00032742,0.00032742
25,OFF,18.00000000,5.00000000,12,0.39110846,17.99983861,0.00016139,0.00016139
25,OFF,18.00000000,5.00000000,13,0.39111014,17.99992044,0.00007956,0.00007956
26,OFF,18.00000000,6.00000000,0,0.37500000,17.10134551,0.89865449,0.89865449
26,OFF,18.00000000,6.00000000,1,0.38436098,17.55718762,0.44281238,0.44281238
26,OFF,18.00000000,6.00000000,2,0.38897361,17.78180401,0.21819599,0.21819599
26,OFF,18.00000000,6.00000000,3,0.39124649,17.89248383,0.10751617,0.10751617
26,OFF,18.00000000,6.00000000,4,0.39236645,17.94702136,0.05297864,0.05297864
26,OFF,18.00000000,6.00000000,5,0.39291831,17.97389475,0.02610525,0.02610525
26,OFF,18.00000000,6.00000000,6,0.39319024,17.98713663,0.01286337,0.01286337
26,OFF,18.00000000,6.00000000,7,0.39332423,17.99366157,0.00633843,0.00633843
26,OFF,18.00000000,6.00000000,8,0.39339026,17.99687674,0.00312326,0.00312326
26,OFF,18.00000000,6.00000000,9,0.39342279,17.99846101,0.00153899,0.00153899
26,OFF,18.00000000,6.00000000,10,0.39343882,17.99924166,0.00075834,0.00075834
26,OFF,18.00000000,6.00000000,11,0.39344672,17.99962633,0.00037367,0.00037367
26,OFF,18.00000000,6.00000000,12,0.39345061,17.99981587,0.00018413,0.00018413
26,OFF,18.00000000,6.00000000,13,0.39345253,17.99990927,0.00009073,0.00009073
27,OFF,18.00000000,7.00000000,0,0.37500000,16.97057243,1.02942757,1.02942757
27,OFF,18.00000000,7.00000000,1,0.38572320,17.49291749,0.50708251,0.50708251
27,OFF,18.00000000,7.00000000,2,0.39100531,17.75021781,0.24978219,0.24978219
27,OFF,18.00000000,7.00000000,3,0.39360721,17.87696057,0.12303943,0.12303943
27,OFF,18.00000000,7.00000000,4,0.39488887,17.93939239,0.06060761,0.06060761
27,OFF,18.00000000,7.00000000,5,0.39552020,17.97014549,0.02985451,0.02985451
27,OFF,18.00000000,7.00000000,6,0.39583119,17.98529406,0.01470594,0.01470594
27,OFF,18.00000000,7.00000000,7,0.39598437,17.99275605,0.00724395,0.00724395
27,OFF,18.00000000,7.00000000,8,0.39605983,17.99643172,0.00356828,0.00356828
27,OFF,18.00000000,7.00000000,9,0.39609700,17.99824231,0.00175769,0.00175769
27,OFF,18.00000000,7.00000000,10,0.39611531,17.99913419,0.00086581,0.00086581
27,OFF,18.00000000,7.00000000,11,0.39612433,17.99957351,0.00042649,0.00042649
27,OFF,18.00000000,7.00000000,12,0.39612877,17.99978992,0.00021008,0.00021008
27,OFF,18.00000000,7.00000000,13,0.39613096,17.99989652,0.00010348,0.00010348
27,OFF,18.00000000,7.00000000,14,0.39613204,17.99994903,0.00005097,0.00005097
28,OFF,18.00000000,8.00000000,0,0.37500000,16.82031864,1.17968136,1.17968136
28,OFF,18.00000000,8.00000000,1,0.38728835,17.41908403,0.58091597,0.58091597
28,OFF,18.00000000,8.00000000,2,0.39333956,17.71393685,0.28606315,0.28606315
28,OFF,18.00000000,8.00000000,3,0.39631938,17.85913260,0.14086740,0.14086740
28,OFF,18.00000000,8.00000000,4,0.39778675,17.93063201,0.06936799,0.06936799
28,OFF,18.00000000,8.00000000,5,0.39850933,17.96584080,0.03415920,0.03415920
28,OFF,18.00000000,8.00000000,6,0.39886516,17.98317883,0.01682117,0.01682117
28,OFF,18.00000000,8.00000000,7,0.39904038,17.99171667,0.00828333,0.00828333
28,OFF,18.00000000,8.00000000,8,0.39912666,17.99592100,0.00407900,0.00407900
28,OFF,18.00000000,8.00000000,9,0.39916915,17.99799136,0.00200864,0.00200864
28,OFF,18.00000000,8.00000000,10,0.39919008,17.99901088,0.00098912,0.00098912
28,OFF,18.00000000,8.00000000,11,0.39920038,17.99951292,0.00048708,0.00048708
28,OFF,18.00000000,8.00000000,12,0.39920545,17.99976015,0.00023985,0.00023985
28,OFF,18.00000000,8.00000000,13,0.39920795,17.99988189,0.00011811,0.00011811
28,OFF,18.00000000,8.00000000,14,0.39920918,17.99994184,0.00005816,0.00005816
29,OFF,18.00000000,9.00000000,0,0.37500000,16.64758000,1.35242000,1.35242000
29,OFF,18.00000000,9.00000000,1,0.38908771,17.33421490,0.66578510,0.66578510
29,OFF,18.00000000,9.00000000,2,0.39602297,17.67223955,0.32776045,0.32776045
29,OFF,18.00000000,9.00000000,3,0.39943714,17.83864626,0.16135374,0.16135374
29,OFF,18.00000000,9.00000000,4,0.40111791,17.92056690,0.07943310,0.07943310
29,OFF,18.00000000,9.00000000,5,0.40194534,17.96089575,0.03910425,0.03910425
29,OFF,18.00000000,9.00000000,6,0.40235267,17.98074930,0.01925070,0.01925070
29,OFF,18.00000000,9.00000000,7,0.40255320,17.99052304,0.00947696,0.00947696
29,OFF,18.00000000,9.00000000,8,0.40265192,17.99533457,0.00466543,0.00466543
29,OFF,18.00000000,9.00000000,9,0.40270052,17.99770325,0.00229675,0.00229675
29,OFF,18.00000000,9.00000000,10,0.40272444,17.99886933,0.00113067,0.00113067
29,OFF,18.00000000,9.00000000,11,0.40273622,17.99944338,0.00055662,0.00055662
29,OFF,18.00000000,9.00000000,12,0.40274202,17.99972598,0.00027402,0.00027402
29,OFF,18.00000000,9.00000000,13,0.40274487,17.99986510,0.00013490,0.00013490
29,OFF,18.00000000,9.00000000,14,0.40274628,17.99993359,0.00006641,0.00006641
30,OFF,18.00000000,10.00000000,0,0.37500000,16.44938612,1.55061388,1.55061388
30,OFF,18.00000000,10.00000000,1,0.39115223,17.23685540,0.76314460,0.76314460
30,OFF,18.00000000,10.00000000,2,0.39910165,17.62441347,0.37558653,0.37558653
30,OFF,18.00000000,10.00000000,3,0.40301401,17.81515267,0.18484733,0.18484733
30,OFF,18.00000000,10.00000000,4,0.40493950,17.90902620,0.09097380,0.09097380
30,OFF,18.00000000,10.00000000,5,0.40588715,17.95522666,0.04477334,0.04477334
30,OFF,18.00000000,10.00000000,6,0.40635354,17.97796451,0.02203549,0.02203549
30,OFF,18.00000000,10.00000000,7,0.40658307,17.98915509,0.01084491,0.01084491
30,OFF,18.00000000,10.00000000,8,0.40669604,17.99466261,0.00533739,0.00533739
30,OFF,18.00000000,10.00000000,9,0.40675164,17.99737317,0.00262683,0.00262683
30,OFF,18.00000000,10.00000000,10,0.40677900,17.99870719,0.00129281,0.00129281
30,OFF,18.00000000,10.00000000,11,0.40679247,17.99936373,0.00063627,0.00063627
30,OFF,18.00000000,10.00000000,12,0.40679910,17.99968686,0.00031314,0.00031314
30,OFF,18.00000000,10.00000000,13,0.40680236,17.99984589,0.00015411,0.00015411
30,OFF,18.00000000,10.00000000,14,0.40680396,17.99992415,0.00007585,0.00007585
31,OFF,24.00000000,1.00000000,0,0.50000000,23.64952000,0.35048000,0.35048000
31,OFF,24.00000000,1.00000000,1,0.50365083,23.82687748,0.17312252,0.17312252
31,OFF,24.00000000,1.00000000,2,0.50545419,23.91448469,0.08551531,0.08551531
31,OFF,24.00000000,1.00000000,3,0.50634498,23.95775900,0.04224100,0.04224100
31,OFF,24.00000000,1.00000000,4,0.50678499,23.97913471,0.02086529,0.02086529
31,OFF,24.00000000,1.00000000,5,0.50700233,23.98969341,0.01030659,0.01030659
31,OFF,24.00000000,1.00000000,6,0.50710969,23.99490898,0.00509102,0.00509102
31,OFF,24.00000000,1.00000000,7,0.50716273,23.99748525,0.00251475,0.00251475
31,OFF,24.00000000,1.00000000,8,0.50718892,23.99875782,0.00124218,0.00124218
31,OFF,24.00000000,1.00000000,9,0.50720186,23.99938641,0.00061359,0.00061359
31,OFF,24.00000000,1.00000000,10,0.50720825,23.99969691,0.00030309,0.00030309
31,OFF,24.00000000,1.00000000,11,0.50721141,23.99985029,0.00014971,0.00014971
31,OFF,24.00000000,1.00000000,12,0.50721297,23.99992605,0.00007395,0.00007395
32,OFF,24.00000000,2.00000000,0,0.50000000,23.56959146,0.43040854,0.43040854
32,OFF,24.00000000,2.00000000,1,0.50448342,23.78754468,0.21245532,0.21245532
32,OFF,24.00000000,2.00000000,2,0.50669650,23.89512926,0.10487074,0.10487074
32,OFF,24.00000000,2.00000000,3,0.50778890,23.94823442,0.05176558,0.05176558
32,OFF,24.00000000,2.00000000,4,0.50832813,23.97444783,0.02555217,0.02555217
32,OFF,24.00000000,2.00000000,5,0.50859430,23.98738711,0.01261289,0.01261289
32,OFF,24.00000000,2.00000000,6,0.50872568,23.99377411,0.00622589,0.00622589
32,OFF,24.00000000,2.00000000,7,0.50879053,23.99692682,0.00307318,0.00307318
32,OFF,24.00000000,2.00000000,8,0.50882254,23.99848304,0.00151696,0.00151696
32,OFF,24.00000000,2.00000000,9,0.50883835,23.99925121,0.00074879,0.00074879
32,OFF,24.00000000,2.00000000,10,0.50884615,23.99963039,0.00036961,0.00036961
32,OFF,24.00000000,2.00000000,11,0.50885000,23.99981755,0.00018245,0.00018245
32,OFF,24.00000000,2.00000000,12,0.50885190,23.99990994,0.00009006,0.00009006
33,OFF,24.00000000,3.00000000,0,0.50000000,23.48775797,0.51224203,0.51224203
33,OFF,24.00000000,3.00000000,1,0.50533585,23.74728627,0.25271373,0.25271373
33,OFF,24.00000000,3.00000000,2,0.50796829,23.87532411,0.12467589,0.12467589
33,OFF,24.00000000,3.00000000,3,0.50926700,23.93849136,0.06150864,0.06150864
33,OFF,24.00000000,3.00000000,4,0.50990771,23.96965482,0.03034518,0.03034518
33,OFF,24.00000000,3.00000000,5,0.51022381,23.98502926,0.01497074,0.01497074
33,OFF,24.00000000,3.00000000,6,0.51037975,23.99261421,0.00738579,0.00738579
33,OFF,24.00000000,3.00000000,7,0.51045669,23.99635623,0.00364377,0.00364377
33,OFF,24.00000000,3.00000000,8,0.51049464,23.99820235,0.00179765,0.00179765
33,OFF,24.00000000,3.00000000,9,0.51051337,23.99911313,0.00088687,0.00088687
33,OFF,24.00000000,3.00000000,10,0.51052261,23.99956247,0.00043753,0.00043753
33,OFF,24.00000000,3.00000000,11,0.51052716,23.99978414,0.00021586,0.00021586
33,OFF,24.00000000,3.00000000,12,0.51052941,23.99989351,0.00010649,0.00010649
33,OFF,24.00000000,3.00000000,13,0.51053052,23.99994746,0.00005254,0.00005254
34,OFF,24.00000000,4.00000000,0,0.50000000,23.39928000,0.60072000,0.60072000
34,OFF,24.00000000,4.00000000,1,0.50625750,23.70376995,0.29623005,0.29623005
34,OFF,24.00000000,4.00000000,2,0.50934323,23.85392156,0.14607844,0.14607844
34,OFF,24.00000000,4.00000000,3,0.51086488,23.92796507,0.07203493,0.07203493
34,OFF,24.00000000,4.00000000,4,0.51161524,23.96447777,0.03552223,0.03552223
34,OFF,24.00000000,4.00000000,5,0.51198527,23.98248310,0.01751690,0.01751690
34,OFF,24.00000000,4.00000000,6,0.51216773,23.99136198,0.00863802,0.00863802
34,OFF,24.00000000,4.00000000,7,0.51225771,23.99574038,0.00425962,0.00425962
34,OFF,24.00000000,4.00000000,8,0.51230209,23.99789947,0.00210053,0.00210053
34,OFF,24.00000000,4.00000000,9,0.51232397,23.99896418,0.00103582,0.00103582
34,OFF,24.00000000,4.00000000,10,0.51233476,23.99948921,0.00051079,0.00051079
34,OFF,24.00000000,4.00000000,11,0.51234008,23.99974812,0.00025188,0.00025188
34,OFF,24.00000000,4.00000000,12,0.51234270,23.99987579,0.00012421,0.00012421
34,OFF,24.00000000,4.00000000,13,0.51234399,23.99993875,0.00006125,0.00006125
35,OFF,24.00000000,5.00000000,0,0.50000000,23.30055728,0.69944272,0.69944272
35,OFF,24.00000000,5.00000000,1,0.50728586,23.65522491,0.34477509,0.34477509
35,OFF,24.00000000,5.00000000,2,0.51087727,23.83005061,0.16994939,0.16994939
35,OFF,24.00000000,5.00000000,3,0.51264758,23.91622714,0.08377286,0.08377286
35,OFF,24.00000000,5.00000000,4,0.51352021,23.95870599,0.04129401,0.04129401
35,OFF,24.00000000,5.00000000,5,0.51395035,23.97964501,0.02035499,0.02035499
35,OFF,24.00000000,5.00000000,6,0.51416239,23.98996645,0.01003355,0.01003355
35,OFF,24.00000000,5.00000000,7,0.51426690,23.99505418,0.00494582,0.00494582
35,OFF,24.00000000,5.00000000,8,0.51431842,23.99756207,0.00243793,0.00243793
35,OFF,24.00000000,5.00000000,9,0.51434382,23.99879827,0.00120173,0.00120173
35,OFF,24.00000000,5.00000000,10,0.51435633,23.99940763,0.00059237,0.00059237
35,OFF,24.00000000,5.00000000,11,0.51436250,23.99970801,0.00029199,0.00029199
35,OFF,24.00000000,5.00000000,12,0.51436555,23.99985607,0.00014393,0.00014393
35,OFF,24.00000000,5.00000000,13,0.51436705,23.99992905,0.00007095,0.00007095
36,OFF,24.00000000,6.00000000,0,0.50000000,23.18834041,0.81165959,0.81165959
36,OFF,24.00000000,6.00000000,1,0.50845479,23.60005439,0.39994561,0.39994561
36,OFF,24.00000000,6.00000000,2,0.51262089,23.80292663,0.19707337,0.19707337
36,OFF,24.00000000,6.00000000,3,0.51467374,23.90289201,0.09710799,0.09710799
36,OFF,24.00000000,6.00000000,4,0.51568528,23.95215000,0.04785000,0.04785000
36,OFF,24.00000000,6.00000000,5,0.51618371,23.97642189,0.02357811,0.02357811
36,OFF,24.00000000,6.00000000,6,0.51642932,23.98838188,0.01161812,0.01161812
36,OFF,24.00000000,6.00000000,7,0.51655034,23.99427516,0.00572484,0.00572484
36,OFF,24.00000000,6.00000000,8,0.51660998,23.99717909,0.00282091,0.00282091
36,OFF,24.00000000,6.00000000,9,0.51663936,23.99860999,0.00139001,0.00139001
36,OFF,24.00000000,6.00000000,10,0.51665384,23.99931507,0.00068493,0.00068493
36,OFF,24.00000000,6.00000000,11,0.51666097,23.99966250,0.00033750,0.00033750
36,OFF,24.00000000,6.00000000,12,0.51666449,23.99983370,0.00016630,0.00016630
36,OFF,24.00000000,6.00000000,13,0.51666622,23.99991805,0.00008195,0.00008195
37,OFF,24.00000000,7.00000000,0,0.50000000,23.05952995,0.94047005,0.94047005
37,OFF,24.00000000,7.00000000,1,0.50979656,23.53673680,0.46326320,0.46326320
37,OFF,24.00000000,7.00000000,2,0.51462222,23.77180263,0.22819737,0.22819737
37,OFF,24.00000000,7.00000000,3,0.51699928,23.88759297,0.11240703,0.11240703
37,OFF,24.00000000,7.00000000,4,0.51817018,23.94462977,0.05537023,0.05537023
37,OFF,24.00000000,7.00000000,5,0.51874696,23.97272535,0.02727465,0.02727465
37,OFF,24.00000000,7.00000000,6,0.51903107,23.98656487,0.01343513,0.01343513
37,OFF,24.00000000,7.00000000,7,0.51917102,23.99338203,0.00661797,0.00661797
37,OFF,24.00000000,7.00000000,8,0.51923995,23.99674007,0.00325993,0.00325993
37,OFF,24.00000000,7.00000000,9,0.51927391,23.99839420,0.00160580,0.00160580
37,OFF,24.00000000,7.00000000,10,0.51929064,23.99920901,0.00079099,0.00079099
37,OFF,24.00000000,7.00000000,11,0.51929888,23.99961037,0.00038963,0.00038963
37,OFF,24.00000000,7.00000000,12,0.51930294,23.99980807,0.00019193,0.00019193
37,OFF,24.00000000,7.00000000,13,0.51930494,23.99990546,0.00009454,0.00009454
38,OFF,24.00000000,8.00000000,0,0.50000000,22.91110292,1.08889708,1.08889708
38,OFF,24.00000000,8.00000000,1,0.51134268,23.46378935,0.53621065,0.53621065
38,OFF,24.00000000,8.00000000,2,0.51692821,23.73595130,0.26404870,0.26404870
38,OFF,24.00000000,8.00000000,3,0.51967871,23.86997327,0.13002673,0.13002673
38,OFF,24.00000000,8.00000000,4,0.52103316,23.93597033,0.06402967,0.06402967
38,OFF,24.00000000,8.00000000,5,0.52170013,23.96846957,0.03153043,0.03153043
38,OFF,24.00000000,8.00000000,6,0.52202858,23.98447333,0.01552667,0.01552667
38,OFF,24.00000000,8.00000000,7,0.52219031,23.99235413,0.00764587,0.00764587
38,OFF,24.00000000,8.00000000,8,0.52226996,23.99623491,0.00376509,0.00376509
38,OFF,24.00000000,8.00000000,9,0.52230918,23.99814594,0.00185406,0.00185406
38,OFF,24.00000000,8.00000000,10,0.52232849,23.99908700,0.00091300,0.00091300
38,OFF,24.00000000,8.00000000,11,0.52233800,23.99955041,0.00044959,0.00044959
38,OFF,24.00000000,8.00000000,12,0.52234268,23.99977860,0.00022140,0.00022140
38,OFF,24.00000000,8.00000000,13,0.52234499,23.99989098,0.00010902,0.00010902
38,OFF,24.00000000,8.00000000,14,0.52234612,23.99994631,0.00005369,0.00005369
39,OFF,24.00000000,9.00000000,0,0.50000000,22.74008000,1.25992000,1.25992000
39,OFF,24.00000000,9.00000000,1,0.51312417,23.37975188,0.62024812,0.62024812
39,OFF,24.00000000,9.00000000,2,0.51958508,23.69465702,0.30534298,0.30534298
39,OFF,24.00000000,9.00000000,3,0.52276574,23.84968220,0.15031780,0.15031780
39,OFF,24.00000000,9.00000000,4,0.52433155,23.92599980,0.07400020,0.07400020
39,OFF,24.00000000,9.00000000,5,0.52510239,23.96357032,0.03642968,0.03642968
39,OFF,24.00000000,9.00000000,6,0.52548186,23.98206597,0.01793403,0.01793403
39,OFF,24.00000000,9.00000000,7,0.52566868,23.99117123,0.00882877,0.00882877
39,OFF,24.00000000,9.00000000,8,0.52576064,23.99565367,0.00434633,0.00434633
39,OFF,24.00000000,9.00000000,9,0.52580592,23.99786034,0.00213966,0.00213966
39,OFF,24.00000000,9.00000000,10,0.52582820,23.99894666,0.00105334,0.00105334
39,OFF,24.00000000,9.00000000,11,0.52583918,23.99948145,0.00051855,0.00051855
39,OFF,24.00000000,9.00000000,12,0.52584458,23.99974472,0.00025528,0.00025528
39,OFF,24.00000000,9.00000000,13,0.52584724,23.99987433,0.00012567,0.00012567
39,OFF,24.00000000,9.00000000,14,0.52584855,23.99993813,0.00006187,0.00006187
40,OFF,24.00000000,10.00000000,0,0.50000000,22.54350889,1.45649111,1.45649111
40,OFF,24.00000000,10.00000000,1,0.51517178,23.28317853,0.71682147,0.71682147
40,OFF,24.00000000,10.00000000,2,0.52263867,23.64721170,0.35278830,0.35278830
40,OFF,24.00000000,10.00000000,3,0.52631355,23.82637297,0.17362703,0.17362703
40,OFF,24.00000000,10.00000000,4,0.52812217,23.91454834,0.08545166,0.08545166
40,OFF,24.00000000,10.00000000,5,0.52901229,23.95794442,0.04205558,0.04205558
40,OFF,24.00000000,10.00000000,6,0.52945037,23.97930207,0.02069793,0.02069793
40,OFF,24.00000000,10.00000000,7,0.52966597,23.98981338,0.01018662,0.01018662
40,OFF,24.00000000,10.00000000,8,0.52977208,23.99498659,0.00501341,0.00501341
40,OFF,24.00000000,10.00000000,9,0.52982430,23.99753262,0.00246738,0.00246738
40,OFF,24.00000000,10.00000000,10,0.52985001,23.99878566,0.00121434,0.00121434
40,OFF,24.00000000,10.00000000,11,0.52986265,23.99940236,0.00059764,0.00059764
40,OFF,24.00000000,10.00000000,12,0.52986888,23.99970587,0.00029413,0.00029413
40,OFF,24.00000000,10.00000000,13,0.52987194,23.99985524,0.00014476,0.00014476
40,OFF,24.00000000,10.00000000,14,0.52987345,23.99992876,0.00007124,0.00007124
41,OFF,30.00000000,1.00000000,0,0.62500000,29.72202000,0.27798000,0.27798000
41,OFF,30.00000000,1.00000000,1,0.62789562,29.86268946,0.13731054,0.13731054
41,OFF,30.00000000,1.00000000,2,0.62932594,29.93217432,0.06782568,0.06782568
41,OFF,30.00000000,1.00000000,3,0.63003246,29.96649694,0.03350306,0.03350306
41,OFF,30.00000000,1.00000000,4,0.63038145,29.98345088,0.01654912,0.01654912
41,OFF,30.00000000,1.00000000,5,0.63055384,29.99182543,0.00817457,0.00817457
41,OFF,30.00000000,1.00000000,6,0.63063899,29.99596210,0.00403790,0.00403790
41,OFF,30.00000000,1.00000000,7,0.63068105,29.99800545,0.00199455,0.00199455
41,OFF,30.00000000,1.00000000,8,0.63070183,29.99901477,0.00098523,0.00098523
41,OFF,30.00000000,1.00000000,9,0.63071209,29.99951334,0.00048666,0.00048666
41,OFF,30.00000000,1.00000000,10,0.63071716,29.99975961,0.00024039,0.00024039
41,OFF,30.00000000,1.00000000,11,0.63071966,29.99988126,0.00011874,0.00011874
41,OFF,30.00000000,1.00000000,12,0.63072090,29.99994135,0.00005865,0.00005865
42,OFF,30.00000000,2.00000000,0,0.62500000,29.64623359,0.35376641,0.35376641
42,OFF,30.00000000,2.00000000,1,0.62868507,29.82537625,0.17462375,0.17462375
42,OFF,30.00000000,2.00000000,2,0.63050406,29.91380342,0.08619658,0.08619658
42,OFF,30.00000000,2.00000000,3,0.63140195,29.95745223,0.04254777,0.04254777
42,OFF,30.00000000,2.00000000,4,0.63184515,29.97899786,0.02100214,0.02100214
42,OFF,30.00000000,2.00000000,5,0.63206392,29.98963307,0.01036693,0.01036693
42,OFF,30.00000000,2.00000000,6,0.63217191,29.99488275,0.00511725,0.00511725
42,OFF,30.00000000,2.00000000,7,0.63222522,29.99747406,0.00252594,0.00252594
42,OFF,30.00000000,2.00000000,8,0.63225153,29.99875316,0.00124684,0.00124684
42,OFF,30.00000000,2.00000000,9,0.63226452,29.99938454,0.00061546,0.00061546
42,OFF,30.00000000,2.00000000,10,0.63227093,29.99969620,0.00030380,0.00030380
42,OFF,30.00000000,2.00000000,11,0.63227409,29.99985004,0.00014996,0.00014996
42,OFF,30.00000000,2.00000000,12,0.63227565,29.99992598,0.00007402,0.00007402
43,OFF,30.00000000,3.00000000,0,0.62500000,29.56757848,0.43242152,0.43242152
43,OFF,30.00000000,3.00000000,1,0.62950439,29.78666558,0.21333442,0.21333442
43,OFF,30.00000000,3.00000000,2,0.63172662,29.89475183,0.10524817,0.10524817
43,OFF,30.00000000,3.00000000,3,0.63282296,29.94807599,0.05192401,0.05192401
43,OFF,30.00000000,3.00000000,4,0.63336383,29.97438338,0.02561662,0.02561662
43,OFF,30.00000000,3.00000000,5,0.63363067,29.98736208,0.01263792,0.01263792
43,OFF,30.00000000,3.00000000,6,0.63376232,29.99376511,0.00623489,0.00623489
43,OFF,30.00000000,3.00000000,7,0.63382727,29.99692403,0.00307597,0.00307597
43,OFF,30.00000000,3.00000000,8,0.63385931,29.99848247,0.00151753,0.00151753
43,OFF,30.00000000,3.00000000,9,0.63387512,29.99925133,0.00074867,0.00074867
43,OFF,30.00000000,3.00000000,10,0.63388291,29.99963065,0.00036935,0.00036935
43,OFF,30.00000000,3.00000000,11,0.63388676,29.99981778,0.00018222,0.00018222
43,OFF,30.00000000,3.00000000,12,0.63388866,29.99991010,0.00008990,0.00008990
44,OFF,30.00000000,4.00000000,0,0.62500000,29.48178000,0.51822000,0.51822000
44,OFF,30.00000000,4.00000000,1,0.63039813,29.74445276,0.25554724,0.25554724
44,OFF,30.00000000,4.00000000,2,0.63306008,29.87398327,0.12601673,0.12601673
44,OFF,30.00000000,4.00000000,3,0.63437275,29.93785800,0.06214200,0.06214200
44,OFF,30.00000000,4.00000000,4,0.63502006,29.96935623,0.03064377,0.03064377
44,OFF,30.00000000,4.00000000,5,0.63533927,29.98488879,0.01511121,0.01511121
44,OFF,30.00000000,4.00000000,6,0.63549668,29.99254828,0.00745172,0.00745172
44,OFF,30.00000000,4.00000000,7,0.63557430,29.99632537,0.00367463,0.00367463
44,OFF,30.00000000,4.00000000,8,0.63561258,29.99818795,0.00181205,0.00181205
44,OFF,30.00000000,4.00000000,9,0.63563145,29.99910643,0.00089357,0.00089357
44,OFF,30.00000000,4.00000000,10,0.63564076,29.99955936,0.00044064,0.00044064
44,OFF,30.00000000,4.00000000,11,0.63564535,29.99978271,0.00021729,0.00021729
44,OFF,30.00000000,4.00000000,12,0.63564761,29.99989285,0.00010715,0.00010715
44,OFF,30.00000000,4.00000000,13,0.63564873,29.99994716,0.00005284,0.00005284
45,OFF,30.00000000,5.00000000,0,0.62500000,29.38541796,0.61458204,0.61458204
45,OFF,30.00000000,5.00000000,1,0.63140190,29.69705513,0.30294487,0.30294487
45,OFF,30.00000000,5.00000000,2,0.63455757,29.85066991,0.14933009,0.14933009
45,OFF,30.00000000,5.00000000,3,0.63611309,29.92639098,0.07360902,0.07360902
45,OFF,30.00000000,5.00000000,4,0.63687985,29.96371603,0.03628397,0.03628397
45,OFF,30.00000000,5.00000000,5,0.63725781,29.98211461,0.01788539,0.01788539
45,OFF,30.00000000,5.00000000,6,0.63744412,29.99118378,0.00881622,0.00881622
45,OFF,30.00000000,5.00000000,7,0.63753595,29.99565424,0.00434576,0.00434576
45,OFF,30.00000000,5.00000000,8,0.63758122,29.99785785,0.00214215,0.00214215
45,OFF,30.00000000,5.00000000,9,0.63760354,29.99894407,0.00105593,0.00105593
45,OFF,30.00000000,5.00000000,10,0.63761454,29.99947950,0.00052050,0.00052050
45,OFF,30.00000000,5.00000000,11,0.63761996,29.99974343,0.00025657,0.00025657
45,OFF,30.00000000,5.00000000,12,0.63762263,29.99987353,0.00012647,0.00012647
45,OFF,30.00000000,5.00000000,13,0.63762395,29.99993766,0.00006234,0.00006234
46,OFF,30.00000000,6.00000000,0,0.62500000,29.27533531,0.72466469,0.72466469
46,OFF,30.00000000,6.00000000,1,0.63254859,29.64292116,0.35707884,0.35707884
46,OFF,30.00000000,6.00000000,2,0.63626816,29.82404925,0.17595075,0.17595075
46,OFF,30.00000000,6.00000000,3,0.63810098,29.91330019,0.08669981,0.08669981
46,OFF,30.00000000,6.00000000,4,0.63900411,29.95727863,0.04272137,0.04272137
46,OFF,30.00000000,6.00000000,5,0.63944912,29.97894903,0.02105097,0.02105097
46,OFF,30.00000000,6.00000000,6,0.63966840,29.98962712,0.01037288,0.01037288
46,OFF,30.00000000,6.00000000,7,0.63977645,29.99488876,0.00511124,0.00511124
46,OFF,30.00000000,6.00000000,8,0.63982969,29.99748144,0.00251856,0.00251856
46,OFF,30.00000000,6.00000000,9,0.63985593,29.99875898,0.00124102,0.00124102
46,OFF,30.00000000,6.00000000,10,0.63986886,29.99938848,0.00061152,0.00061152
46,OFF,30.00000000,6.00000000,11,0.63987523,29.99969868,0.00030132,0.00030132
46,OFF,30.00000000,6.00000000,12,0.63987836,29.99985152,0.00014848,0.00014848
46,OFF,30.00000000,6.00000000,13,0.63987991,29.99992684,0.00007316,0.00007316
47,OFF,30.00000000,7.00000000,0,0.62500000,29.14848746,0.85151254,0.85151254
47,OFF,30.00000000,7.00000000,1,0.63386992,29.58055610,0.41944390,0.41944390
47,OFF,30.00000000,7.00000000,2,0.63823913,29.79338744,0.20661256,0.20661256
47,OFF,30.00000000,7.00000000,3,0.64039134,29.89822537,0.10177463,0.10177463
47,OFF,30.00000000,7.00000000,4,0.64145150,29.94986715,0.05013285,0.05013285
47,OFF,30.00000000,7.00000000,5,0.64197371,29.97530522,0.02469478,0.02469478
47,OFF,30.00000000,7.00000000,6,0.64223095,29.98783567,0.01216433,0.01216433
47,OFF,30.00000000,7.00000000,7,0.64235766,29.99400801,0.00599199,0.00599199
47,OFF,30.00000000,7.00000000,8,0.64242008,29.99704843,0.00295157,0.00295157
47,OFF,30.00000000,7.00000000,9,0.64245082,29.99854609,0.00145391,0.00145391
47,OFF,30.00000000,7.00000000,10,0.64246597,29.99928382,0.00071618,0.00071618
47,OFF,30.00000000,7.00000000,11,0.64247343,29.99964722,0.00035278,0.00035278
47,OFF,30.00000000,7.00000000,12,0.64247710,29.99982623,0.00017377,0.00017377
47,OFF,30.00000000,7.00000000,13,0.64247891,29.99991440,0.00008560,0.00008560
48,OFF,30.00000000,8.00000000,0,0.62500000,29.00188719,0.99811281,0.99811281
48,OFF,30.00000000,8.00000000,1,0.63539701,29.50849467,0.49150533,0.49150533
48,OFF,30.00000000,8.00000000,2,0.64051686,29.75796575,0.24203425,0.24203425
48,OFF,30.00000000,8.00000000,3,0.64303805,29.88081395,0.11918605,0.11918605
48,OFF,30.00000000,8.00000000,4,0.64427957,29.94130866,0.05869134,0.05869134
48,OFF,30.00000000,8.00000000,5,0.64489094,29.97109835,0.02890165,0.02890165
48,OFF,30.00000000,8.00000000,6,0.64519199,29.98576783,0.01423217,0.01423217
48,OFF,30.00000000,8.00000000,7,0.64534025,29.99299158,0.00700842,0.00700842
48,OFF,30.00000000,8.00000000,8,0.64541325,29.99654881,0.00345119,0.00345119
48,OFF,30.00000000,8.00000000,9,0.64544920,29.99830052,0.00169948,0.00169948
48,OFF,30.00000000,8.00000000,10,0.64546690,29.99916312,0.00083688,0.00083688
48,OFF,30.00000000,8.00000000,11,0.64547562,29.99958789,0.00041211,0.00041211
48,OFF,30.00000000,8.00000000,12,0.64547991,29.99979706,0.00020294,0.00020294
48,OFF,30.00000000,8.00000000,13,0.64548203,29.99990007,0.00009993,0.00009993
49,OFF,30.00000000,9.00000000,0,0.62500000,28.83258000,1.16742000,1.16742000
49,OFF,30.00000000,9.00000000,1,0.63716063,29.42528886,0.57471114,0.57471114
49,OFF,30.00000000,9.00000000,2,0.64314720,29.71707450,0.28292550,0.28292550
49,OFF,30.00000000,9.00000000,3,0.64609434,29.86071813,0.13928187,0.13928187
49,OFF,30.00000000,9.00000000,4,0.64754519,29.93143270,0.06856730,0.06856730
49,OFF,30.00000000,9.00000000,5,0.64825944,29.96624489,0.03375511,0.03375511
49,OFF,30.00000000,9.00000000,6,0.64861105,29.98338264,0.01661736,0.01661736
49,OFF,30.00000000,9.00000000,7,0.64878415,29.99181941,0.00818059,0.00818059
49,OFF,30.00000000,9.00000000,8,0.64886936,29.99597276,0.00402724,0.00402724
49,OFF,30.00000000,9.00000000,9,0.64891131,29.99801743,0.00198257,0.00198257
49,OFF,30.00000000,9.00000000,10,0.64893197,29.99902400,0.00097600,0.00097600
49,OFF,30.00000000,9.00000000,11,0.64894213,29.99951952,0.00048048,0.00048048
49,OFF,30.00000000,9.00000000,12,0.64894714,29.99976346,0.00023654,0.00023654
49,OFF,30.00000000,9.00000000,13,0.64894960,29.99988356,0.00011644,0.00011644
49,OFF,30.00000000,9.00000000,14,0.64895081,29.99994268,0.00005732,0.00005732
50,OFF,30.00000000,10.00000000,0,0.62500000,28.63763167,1.36236833,1.36236833
50,OFF,30.00000000,10.00000000,1,0.63919134,29.32950166,0.67049834,0.67049834
50,OFF,30.00000000,10.00000000,2,0.64617569,29.67000993,0.32999007,0.32999007
50,OFF,30.00000000,10.00000000,3,0.64961309,29.83759326,0.16240674,0.16240674
50,OFF,30.00000000,10.00000000,4,0.65130483,29.92007048,0.07992952,0.07992952
50,OFF,30.00000000,10.00000000,5,0.65213743,29.96066217,0.03933783,0.03933783
50,OFF,30.00000000,10.00000000,6,0.65254720,29.98063963,0.01936037,0.01936037
50,OFF,30.00000000,10.00000000,7,0.65274887,29.99047167,0.00952833,0.00952833
50,OFF,30.00000000,10.00000000,8,0.65284812,29.99531057,0.00468943,0.00468943
50,OFF,30.00000000,10.00000000,9,0.65289697,29.99769207,0.00230793,0.00230793
50,OFF,30.00000000,10.00000000,10,0.65292101,29.99886414,0.00113586,0.00113586
50,OFF,30.00000000,10.00000000,11,0.65293284,29.99944098,0.00055902,0.00055902
50,OFF,30.00000000,10.00000000,12,0.65293866,29.99972487,0.00027513,0.00027513
50,OFF,30.00000000,10.00000000,13,0.65294153,29.99986459,0.00013541,0.00013541
50,OFF,30.00000000,10.00000000,14,0.65294294,29.99993336,0.00006664,0.00006664
