point_id,v_ref_v,i_out_a,duty_ff,duty_opt,delta_duty,mode,v_out_at_ff_v,ff_error_v,delta_duty_nn,duty_start,v_out_at_start_v,start_error_v,v_out_final_v,final_error_v,correction_iterations
1,8.00000000,1.00000000,0.16666667,0.17785968,0.01119301,OFF,7.45618667,0.54381333,0.00000000,0.16666667,7.45618667,0.54381333,7.99994332,0.00005668,13
2,8.00000000,2.00000000,0.16666667,0.17972326,0.01305659,OFF,7.36521243,0.63478757,0.00000000,0.16666667,7.36521243,0.63478757,7.99993444,0.00006556,13
3,8.00000000,3.00000000,0.16666667,0.18157299,0.01490633,OFF,7.27490328,0.72509672,0.00000000,0.16666667,7.27490328,0.72509672,7.99992563,0.00007437,13
4,8.00000000,4.00000000,0.16666667,0.18353137,0.01686470,OFF,7.17928000,0.82072000,0.00000000,0.16666667,7.17928000,0.82072000,7.99991632,0.00008368,13
5,8.00000000,5.00000000,0.16666667,0.18568197,0.01901531,OFF,7.07426213,0.92573787,0.00000000,0.16666667,7.07426213,0.92573787,7.99990610,0.00009390,13
6,8.00000000,6.00000000,0.16666667,0.18809748,0.02143081,OFF,6.95635402,1.04364598,0.00000000,0.16666667,6.95635402,1.04364598,7.99994808,0.00005192,14
7,8.00000000,7.00000000,0.16666667,0.19084223,0.02417556,OFF,6.82230991,1.17769009,0.00000000,0.16666667,6.82230991,1.17769009,7.99994168,0.00005832,14
8,8.00000000,8.00000000,0.16666667,0.19398094,0.02731427,OFF,6.66901153,1.33098847,0.00000000,0.16666667,6.66901153,1.33098847,7.99993438,0.00006562,14
9,8.00000000,9.00000000,0.16666667,0.19757583,0.03090916,OFF,6.49341333,1.50658667,0.00000000,0.16666667,6.49341333,1.50658667,7.99992602,0.00007398,14
10,8.00000000,10.00000000,0.16666667,0.20168815,0.03502148,OFF,6.29251482,1.70748518,0.00000000,0.16666667,6.29251482,1.70748518,7.99991648,0.00008352,14
11,12.00000000,1.00000000,0.25000000,0.26019820,0.01019820,OFF,11.50452000,0.49548000,0.00000000,0.25000000,11.50452000,0.49548000,11.99994836,0.00005164,13
12,12.00000000,2.00000000,0.25000000,0.26200565,0.01200565,OFF,11.41630719,0.58369281,0.00000000,0.25000000,11.41630719,0.58369281,11.99993971,0.00006029,13
13,12.00000000,3.00000000,0.25000000,0.26381238,0.01381238,OFF,11.32811695,0.67188305,0.00000000,0.25000000,11.32811695,0.67188305,11.99993109,0.00006891,13
14,12.00000000,4.00000000,0.25000000,0.26573452,0.01573452,OFF,11.23428000,0.76572000,0.00000000,0.25000000,11.23428000,0.76572000,11.99992193,0.00007807,13
15,12.00000000,5.00000000,0.25000000,0.26785324,0.01785324,OFF,11.13083592,0.86916408,0.00000000,0.25000000,11.13083592,0.86916408,11.99991184,0.00008816,13
16,12.00000000,6.00000000,0.25000000,0.27023884,0.02023884,OFF,11.01435062,0.98564938,0.00000000,0.25000000,11.01435062,0.98564938,11.99990049,0.00009951,13
17,12.00000000,7.00000000,0.25000000,0.27295815,0.02295815,OFF,10.88161492,1.11838508,0.00000000,0.25000000,10.88161492,1.11838508,11.99994462,0.00005538,14
18,12.00000000,8.00000000,0.25000000,0.27607224,0.02607224,OFF,10.72953437,1.27046563,0.00000000,0.25000000,10.72953437,1.27046563,11.99993736,0.00006264,14
19,12.00000000,9.00000000,0.25000000,0.27964401,0.02964401,OFF,10.55508000,1.44492000,0.00000000,0.25000000,10.55508000,1.44492000,11.99992905,0.00007095,14
20,12.00000000,10.00000000,0.25000000,0.28373447,0.03373447,OFF,10.35526334,1.64473666,0.00000000,0.25000000,10.35526334,1.64473666,11.99991955,0.00008045,14
21,18.00000000,1.00000000,0.37500000,0.38370504,0.00870504,OFF,17.57702000,0.42298000,0.00000000,0.37500000,17.57702000,0.42298000,17.99991075,0.00008925,12
22,18.00000000,2.00000000,0.37500000,0.38542924,0.01042924,OFF,17.49294932,0.50705068,0.00000000,0.37500000,17.49294932,0.50705068,17.99994763,0.00005237,13
23,18.00000000,3.00000000,0.37500000,0.38717145,0.01217145,OFF,17.40793746,0.59206254,0.00000000,0.37500000,17.40793746,0.59206254,17.99993928,0.00006072,13
24,18.00000000,4.00000000,0.37500000,0.38903926,0.01403926,OFF,17.31678000,0.68322000,0.00000000,0.37500000,17.31678000,0.68322000,17.99993034,0.00006966,13
25,18.00000000,5.00000000,0.37500000,0.39111014,0.01611014,OFF,17.21569660,0.78430340,0.00000000,0.37500000,17.21569660,0.78430340,17.99992044,0.00007956,13
26,18.00000000,6.00000000,0.37500000,0.39345253,0.01845253,OFF,17.10134551,0.89865449,0.00000000,0.37500000,17.10134551,0.89865449,17.99990927,0.00009073,13
27,18.00000000,7.00000000,0.37500000,0.39613204,0.02113204,OFF,16.97057243,1.02942757,0.00000000,0.37500000,16.97057243,1.02942757,17.99994903,0.00005097,14
28,18.00000000,8.00000000,0.37500000,0.39920918,0.02420918,OFF,16.82031864,1.17968136,0.00000000,0.37500000,16.82031864,1.17968136,17.99994184,0.00005816,14
29,18.00000000,9.00000000,0.37500000,0.40274628,0.02774628,OFF,16.64758000,1.35242000,0.00000000,0.37500000,16.64758000,1.35242000,17.99993359,0.00006641,14
30,18.00000000,10.00000000,0.37500000,0.40680396,0.03180396,OFF,16.44938612,1.55061388,0.00000000,0.37500000,16.44938612,1.55061388,17.99992415,0.00007585,14
31,24.00000000,1.00000000,0.50000000,0.50721297,0.00721297,OFF,23.64952000,0.35048000,0.00000000,0.50000000,23.64952000,0.35048000,23.99992605,0.00007395,12
32,24.00000000,2.00000000,0.50000000,0.50885190,0.00885190,OFF,23.56959146,0.43040854,0.00000000,0.50000000,23.56959146,0.43040854,23.99990994,0.00009006,12
33,24.00000000,3.00000000,0.50000000,0.51053052,0.01053052,OFF,23.48775797,0.51224203,0.00000000,0.50000000,23.48775797,0.51224203,23.99994746,0.00005254,13
34,24.00000000,4.00000000,0.50000000,0.51234399,0.01234399,OFF,23.39928000,0.60072000,0.00000000,0.50000000,23.39928000,0.60072000,23.99993875,0.00006125,13
35,24.00000000,5.00000000,0.50000000,0.51436705,0.01436705,OFF,23.30055728,0.69944272,0.00000000,0.50000000,23.30055728,0.69944272,23.99992905,0.00007095,13
36,24.00000000,6.00000000,0.50000000,0.51666622,0.01666622,OFF,23.18834041,0.81165959,0.00000000,0.50000000,23.18834041,0.81165959,23.99991805,0.00008195,13
37,24.00000000,7.00000000,0.50000000,0.51930494,0.01930494,OFF,23.05952995,0.94047005,0.00000000,0.50000000,23.05952995,0.94047005,23.99990546,0.00009454,13
38,24.00000000,8.00000000,0.50000000,0.52234612,0.02234612,OFF,22.91110292,1.08889708,0.00000000,0.50000000,22.91110292,1.08889708,23.99994631,0.00005369,14
39,24.00000000,9.00000000,0.50000000,0.52584855,0.02584855,OFF,22.74008000,1.25992000,0.00000000,0.50000000,22.74008000,1.25992000,23.99993813,0.00006187,14
40,24.00000000,10.00000000,0.50000000,0.52987345,0.02987345,OFF,22.54350889,1.45649111,0.00000000,0.50000000,22.54350889,1.45649111,23.99992876,0.00007124,14
41,30.00000000,1.00000000,0.62500000,0.63072090,0.00572090,OFF,29.72202000,0.27798000,0.00000000,0.62500000,29.72202000,0.27798000,29.99994135,0.00005865,12
42,30.00000000,2.00000000,0.62500000,0.63227565,0.00727565,OFF,29.64623359,0.35376641,0.00000000,0.62500000,29.64623359,0.35376641,29.99992598,0.00007402,12
43,30.00000000,3.00000000,0.62500000,0.63388866,0.00888866,OFF,29.56757848,0.43242152,0.00000000,0.62500000,29.56757848,0.43242152,29.99991010,0.00008990,12
44,30.00000000,4.00000000,0.62500000,0.63564873,0.01064873,OFF,29.48178000,0.51822000,0.00000000,0.62500000,29.48178000,0.51822000,29.99994716,0.00005284,13
45,30.00000000,5.00000000,0.62500000,0.63762395,0.01262395,OFF,29.38541796,0.61458204,0.00000000,0.62500000,29.38541796,0.61458204,29.99993766,0.00006234,13
46,30.00000000,6.00000000,0.62500000,0.63987991,0.01487991,OFF,29.27533531,0.72466469,0.00000000,0.62500000,29.27533531,0.72466469,29.99992684,0.00007316,13
47,30.00000000,7.00000000,0.62500000,0.64247891,0.01747891,OFF,29.14848746,0.85151254,0.00000000,0.62500000,29.14848746,0.85151254,29.99991440,0.00008560,13
48,30.00000000,8.00000000,0.62500000,0.64548203,0.02048203,OFF,29.00188719,0.99811281,0.00000000,0.62500000,29.00188719,0.99811281,29.99990007,0.00009993,13
49,30.00000000,9.00000000,0.62500000,0.64895081,0.02395081,OFF,28.83258000,1.16742000,0.00000000,0.62500000,28.83258000,1.16742000,29.99994268,0.00005732,14
50,30.00000000,10.00000000,0.62500000,0.65294294,0.02794294,OFF,28.63763167,1.36236833,0.00000000,0.62500000,28.63763167,1.36236833,29.99993336,0.00006664,14
